{
  "lang":"es",
  "name":"pipeline",
  "version":"0.0.0",
  "spacy_version":">=3.7.5,<3.8.0",
  "description":"",
  "author":"",
  "email":"",
  "url":"",
  "license":"",
  "spacy_git_version":"a6d0fc360",
  "vectors":{
    "width":0,
    "vectors":0,
    "keys":0,
    "name":null,
    "mode":"default"
  },
  "labels":{
    "tok2vec":[

    ],
    "ner":[
      "Activity",
      "Animal",
      "Architecture",
      "Climate",
      "Cultural_Artefact",
      "Date",
      "Ethnic_Group",
      "Food",
      "Health",
      "Institution",
      "Language",
      "Location",
      "Measurement",
      "Mobility",
      "Natural_Resource",
      "Person",
      "Plant",
      "Social_Group"
    ]
  },
  "pipeline":[
    "tok2vec",
    "ner"
  ],
  "components":[
    "tok2vec",
    "ner"
  ],
  "disabled":[

  ],
  "performance":{
    "ents_f":0.8640390244,
    "ents_p":0.8684447931,
    "ents_r":0.8596777325,
    "ents_per_type":{
      "Location":{
        "p":0.9336300064,
        "r":0.8991061589,
        "f":0.9160429142
      },
      "Health":{
        "p":0.7961335677,
        "r":0.6926605505,
        "f":0.7408013083
      },
      "Food":{
        "p":0.8196382429,
        "r":0.8820912125,
        "f":0.8497187249
      },
      "Ethnic_Group":{
        "p":0.9587118084,
        "r":0.943902439,
        "f":0.9512494879
      },
      "Person":{
        "p":0.874853114,
        "r":0.885255648,
        "f":0.8800236407
      },
      "Climate":{
        "p":0.7341389728,
        "r":0.7147058824,
        "f":0.7242921013
      },
      "Activity":{
        "p":0.7348108521,
        "r":0.8120777027,
        "f":0.7715145436
      },
      "Language":{
        "p":0.8812785388,
        "r":0.9278846154,
        "f":0.9039812646
      },
      "Animal":{
        "p":0.9160554197,
        "r":0.902811245,
        "f":0.9093851133
      },
      "Measurement":{
        "p":0.8952879581,
        "r":0.9173819742,
        "f":0.906200318
      },
      "Cultural_Artefact":{
        "p":0.8473144237,
        "r":0.8382089552,
        "f":0.8427370948
      },
      "Plant":{
        "p":0.7895277207,
        "r":0.6890681004,
        "f":0.7358851675
      },
      "Architecture":{
        "p":0.8476190476,
        "r":0.8811881188,
        "f":0.8640776699
      },
      "Date":{
        "p":0.7340425532,
        "r":0.7113402062,
        "f":0.722513089
      },
      "Institution":{
        "p":0.7791411043,
        "r":0.765060241,
        "f":0.7720364742
      },
      "Mobility":{
        "p":0.8895184136,
        "r":0.8845070423,
        "f":0.8870056497
      },
      "Natural_Resource":{
        "p":0.8054054054,
        "r":0.654465593,
        "f":0.7221324717
      },
      "Social_Group":{
        "p":0.8393574297,
        "r":0.7572463768,
        "f":0.7961904762
      }
    },
    "tok2vec_loss":2293.6709545982,
    "ner_loss":6019.3785512302
  }
}