{
  "lang":"es",
  "name":"pipeline",
  "version":"0.0.0",
  "spacy_version":">=3.7.5,<3.8.0",
  "description":"",
  "author":"",
  "email":"",
  "url":"",
  "license":"",
  "spacy_git_version":"a6d0fc360",
  "vectors":{
    "width":0,
    "vectors":0,
    "keys":0,
    "name":null,
    "mode":"default"
  },
  "labels":{
    "tok2vec":[

    ],
    "ner":[
      "Activity",
      "Animal",
      "Architecture",
      "Climate",
      "Cultural_Artefact",
      "Date",
      "Ethnic_Group",
      "Food",
      "Health",
      "Institution",
      "Language",
      "Location",
      "Measurement",
      "Mobility",
      "Natural_Resource",
      "Person",
      "Plant",
      "Social_Group"
    ]
  },
  "pipeline":[
    "tok2vec",
    "ner"
  ],
  "components":[
    "tok2vec",
    "ner"
  ],
  "disabled":[

  ],
  "performance":{
    "ents_f":0.8681925501,
    "ents_p":0.8726366988,
    "ents_r":0.8637934382,
    "ents_per_type":{
      "Location":{
        "p":0.9215542522,
        "r":0.9234725113,
        "f":0.9225123846
      },
      "Health":{
        "p":0.7337192475,
        "r":0.7752293578,
        "f":0.7539033457
      },
      "Food":{
        "p":0.8369330454,
        "r":0.8620689655,
        "f":0.8493150685
      },
      "Climate":{
        "p":0.7103825137,
        "r":0.7647058824,
        "f":0.7365439093
      },
      "Ethnic_Group":{
        "p":0.9543230016,
        "r":0.9512195122,
        "f":0.9527687296
      },
      "Person":{
        "p":0.8931865516,
        "r":0.8923900119,
        "f":0.8927881041
      },
      "Activity":{
        "p":0.7942332896,
        "r":0.7677364865,
        "f":0.780760146
      },
      "Language":{
        "p":0.8792710706,
        "r":0.9278846154,
        "f":0.9029239766
      },
      "Animal":{
        "p":0.9313482217,
        "r":0.9044176707,
        "f":0.9176854116
      },
      "Measurement":{
        "p":0.9457627119,
        "r":0.8980686695,
        "f":0.9212988442
      },
      "Cultural_Artefact":{
        "p":0.7901907357,
        "r":0.8656716418,
        "f":0.8262108262
      },
      "Plant":{
        "p":0.792,
        "r":0.6209677419,
        "f":0.6961325967
      },
      "Architecture":{
        "p":0.844295302,
        "r":0.8896746818,
        "f":0.8663911846
      },
      "Date":{
        "p":0.75,
        "r":0.6494845361,
        "f":0.6961325967
      },
      "Institution":{
        "p":0.7878787879,
        "r":0.7831325301,
        "f":0.7854984894
      },
      "Mobility":{
        "p":0.884180791,
        "r":0.8816901408,
        "f":0.8829337094
      },
      "Natural_Resource":{
        "p":0.8568588469,
        "r":0.6310395315,
        "f":0.7268128162
      },
      "Social_Group":{
        "p":0.7894736842,
        "r":0.7608695652,
        "f":0.7749077491
      }
    },
    "tok2vec_loss":2219.2769186214,
    "ner_loss":6720.336761137
  }
}